,precip,precipprob,precipcover,sealevelpressure,severerisk
precip,1.0,0.31713115922530277,0.07584862407862573,0.07740551801257561,-0.04394096053272103
precipprob,0.31713115922530277,1.0,0.4667783565002555,0.16640497559968534,-0.060973653806666535
precipcover,0.07584862407862573,0.4667783565002555,1.0,0.00033050174082084556,-0.15528100632338618
sealevelpressure,0.07740551801257561,0.16640497559968534,0.00033050174082084556,1.0,-0.6431545117462274
severerisk,-0.04394096053272103,-0.060973653806666535,-0.15528100632338618,-0.6431545117462274,1.0
